<?xml version="1.0" encoding="utf-8"?>
<!DOCTYPE ArrayOfItem[<!ELEMENT ArrayOfItem (Item)*>
<!ELEMENT Item (ItemId, Name, Price, Pieces, SellerId)>
<!ELEMENT ItemId (#PCDATA)>
<!ELEMENT Name (#PCDATA)>
<!ELEMENT Price (#PCDATA)>
<!ELEMENT Pieces (#PCDATA)>
<!ELEMENT SellerId (#PCDATA)>
]>
<ArrayOfItem>
  <Item>
    <ItemId>1</ItemId>
    <Name>asd</Name>
    <Price>1</Price>
    <Pieces>1</Pieces>
    <SellerId>1</SellerId>
  </Item>
  <Item>
    <ItemId>2</ItemId>
    <Name>asd</Name>
    <Price>1</Price>
    <Pieces>1</Pieces>
    <SellerId>1</SellerId>
  </Item>
  <Item>
    <ItemId>3</ItemId>
    <Name>asd</Name>
    <Price>1</Price>
    <Pieces>1</Pieces>
    <SellerId>1</SellerId>
  <Item>
    <ItemId>4</ItemId>
    <Name>asd</Name>
    <Price>1</Price>
    <Pieces>1</Pieces>
    <SellerId>1</SellerId>
  </Item>
  <Item>
    <ItemId>5</ItemId>
    <Name>asd</Name>
    <Price>1</Price>
    <Pieces>0</Pieces>
    <SellerId>1</SellerId>
  </Item>
</ArrayOfItem>